[
	{
		"pkg": "@capacitor/camera",
		"classpath": "com.capacitorjs.plugins.camera.CameraPlugin"
	},
	{
		"pkg": "@capacitor/device",
		"classpath": "com.capacitorjs.plugins.device.DevicePlugin"
	},
	{
		"pkg": "@capacitor/filesystem",
		"classpath": "com.capacitorjs.plugins.filesystem.FilesystemPlugin"
	},
	{
		"pkg": "@capacitor/local-notifications",
		"classpath": "com.capacitorjs.plugins.localnotifications.LocalNotificationsPlugin"
	},
	{
		"pkg": "@capacitor/push-notifications",
		"classpath": "com.capacitorjs.plugins.pushnotifications.PushNotificationsPlugin"
	}
]
